Cation,Anion,Meilleure Solubilite,Temp Opt,Temps Opt,Cellulose Opt
CCCCCCC=CCCCCC=CCCCC(O)(C[N+](C)(C)C)P(=O)(O)O,O=C(NNC(=O)c1ccccc1C(=O)[O-])Nc1ccccc1,0.4564,40,0.5,Avicel
CCCCCCC=CCCCCC=CCCCC(O)(C[N+](C)(C)C)P(=O)(O)O,CCOC(=O)[C@H](C)N[P@](=O)(Oc1ccccc1)Oc1ccc(N([O-])OC)cc1,1.2195,200,0.5,Avicel
CCCCCCC=CCCCCC=CCCCC(O)(C[N+](C)(C)C)P(=O)(O)O,[CH2-]c1c(C2CCCCC2)cc(CC2C=CC=CCC2)cc1C1CCCCC1,1.5306,200,0.5,Avicel
CCCCCCC=CCCCCC=CCCCC(O)(C[N+](C)(C)C)P(=O)(O)O,CC(C)(C)OC(=O)N1CCC2(CC1)C(=C=[N-])C(=S)NC(=O)C2C#N,0.4564,40,0.5,Avicel
CCCCCCC=CCCCCC=CCCCC(O)(C[N+](C)(C)C)P(=O)(O)O,CC(C)C[C@H](NC(=O)c1ccc(C=C2SC(=S)N(C)C2=O)cc1)C(=O)[O-],0.8932,200,10.0,Avicel
CCCCCCC=CCCCCC=CCCCC(O)(C[N+](C)(C)C)P(=O)(O)O,O=C(O)C1(c2ccccn2)COc2cccc(N([O-])O)c2N1,0.4564,40,0.5,Avicel
CCCCCCC=CCCCCC=CCCCC(O)(C[N+](C)(C)C)P(=O)(O)O,Cc1cc(CC(C(=O)N2CCN(C3CCCC3)CC2)[C@H]2CC(N3CCc4ccccc4NC3=O)CCN2C(=O)[O-])cc(C)c1O,4380.6733,160,0.5,Avicel
CCCCCCC=CCCCCC=CCCCC(O)(C[N+](C)(C)C)P(=O)(O)O,CN=CN1[C@@H](CCNN(C)CCNC)NN([O-])C1(C)C,0.4564,40,0.5,Avicel
CCCCCCC=CCCCCC=CCCCC(O)(C[N+](C)(C)C)P(=O)(O)O,Cc1sc2nc(SCC(=O)[O-])n(-c3ccccc3)c(=O)c2c1C,0.4564,40,0.5,Avicel
CCCCCCC=CCCCCC=CCCCC(O)(C[N+](C)(C)C)P(=O)(O)O,O=C1COc2c([C@@H]([O-])CCl)ccc(OCc3ccccc3)c2N1,0.5086,200,10.0,Avicel
CCCCCCC=CCCCCC=CCCCC(O)(C[N+](C)(C)C)P(=O)(O)O,O=C(c1ccccc1)C(c1ccccc1)C1(O)C(=O)Nc2ccc(N([O-])O)cc21,2.0730,200,0.5,cellulose
CCCCCCC=CCCCCC=CCCCC(O)(C[N+](C)(C)C)P(=O)(O)O,CC(C)(C)OC(=O)N1CCN2C(Br)=NC(C)(C(=O)[O-])C2C1,0.4564,40,0.5,Avicel
CCCCCCC=CCCCCC=CCCCC(O)(C[N+](C)(C)C)P(=O)(O)O,CCn1cc(C(=O)[O-])c(=O)c2cc(F)c(N3CC[C@H](Cc4ccc(OC)c(OC)c4)O3)cc21,9.2583,200,0.5,cellulose
CCCCCCC=CCCCCC=CCCCC(O)(C[N+](C)(C)C)P(=O)(O)O,Cc1cc(C=CC(c2cc(Cl)cc(Cl)c2)C(F)(F)F)ccc1C(=O)[O-],0.4613,200,10.0,Avicel
CCCCCCC=CCCCCC=CCCCC(O)(C[N+](C)(C)C)P(=O)(O)O,COc1cc(Cl)c(C=C2SC(=Nc3ccccc3)N(Cc3ccc(C(=O)[O-])cc3)C2=O)cc1OC,23.4856,200,2.0,cellulose
CCCCCCC=CCCCCC=CCCCC(O)(C[N+](C)(C)C)P(=O)(O)O,CN(c1ccccc1)S(=O)(=O)c1ccc(NC(=O)C=CC(=O)[O-])cc1,0.7297,200,10.0,Avicel
CCCCCCC=CCCCCC=CCCCC(O)(C[N+](C)(C)C)P(=O)(O)O,CC(C)C(=O)OC1Oc2ccc(CS(=O)(=O)[O-])cc2C1(C)C,0.4564,40,0.5,Avicel
CCCCCCC=CCCCCC=CCCCC(O)(C[N+](C)(C)C)P(=O)(O)O,Cc1cccc(O)c1N=Cc1cc(C(=O)O)ccc1[O-],0.4564,40,0.5,Avicel
CCCCCCC=CCCCCC=CCCCC(O)(C[N+](C)(C)C)P(=O)(O)O,Cn1cc(C=C2SC(=O)N(CC(=O)[O-])C2=O)c2ccccc21,0.4564,40,0.5,Avicel
CCCCCCC=CCCCCC=CCCCC(O)(C[N+](C)(C)C)P(=O)(O)O,CC(=O)NC(=Cc1ccccc1)C(=O)N[C@@H](Cc1ccccc1)C(=O)[O-],0.9766,200,10.0,Avicel
CCCCCCC=CCCCCC=CCCCC(O)(C[N+](C)(C)C)P(=O)(O)O,CC(C)(C)OC(=O)NC1CNc2ccccc2C(CC2CC2)N1[O-],0.8099,200,10.0,Avicel
CCCCCCC=CCCCCC=CCCCC(O)(C[N+](C)(C)C)P(=O)(O)O,Cc1ccccc1OCCNc1nc(C)c(C(=O)[O-])s1,0.4564,40,0.5,Avicel
CCCCCCC=CCCCCC=CCCCC(O)(C[N+](C)(C)C)P(=O)(O)O,CC(=O)NCC(=O)N1CC(=O)C2C1CCN2C(=O)C([NH-])CC(C)C,0.4564,40,0.5,Avicel
CCCCCCC=CCCCCC=CCCCC(O)(C[N+](C)(C)C)P(=O)(O)O,COCC1NC(C)=C(C#N)C(c2ccc(F)cc2)C1(C(=O)[O-])C(C)C,0.6180,200,10.0,Avicel
CCCCCCC=CCCCCC=CCCCC(O)(C[N+](C)(C)C)P(=O)(O)O,O=C([O-])c1cc(S(=O)(=O)Nc2cccc(F)c2)ccc1Cl,0.4564,40,0.5,Avicel
CCCCCCC=CCCCCC=CCCCC(O)(C[N+](C)(C)C)P(=O)(O)O,O=C([O-])c1cccc(N2C(=O)C(=Cc3ccc(Cl)cc3)SC2=S)c1,0.7213,200,10.0,Avicel
CCCCCCC=CCCCCC=CCCCC(O)(C[N+](C)(C)C)P(=O)(O)O,C[N-][C@@H](c1ccccc1)[C@@H](C)CN1CCCN(C)CC1,0.4564,40,0.5,Avicel
CCCCCCC=CCCCCC=CCCCC(O)(C[N+](C)(C)C)P(=O)(O)O,COc1ccc(C(=O)NCCNC(=O)CCC(=O)[O-])cc1,0.4564,40,0.5,Avicel
CCCCCCC=CCCCCC=CCCCC(O)(C[N+](C)(C)C)P(=O)(O)O,O=C([O-])c1ccccc1Sc1ccccc1N(O)O,0.4564,40,0.5,Avicel
CCCCCCC=CCCCCC=CCCCC(O)(C[N+](C)(C)C)P(=O)(O)O,[CH2-]c1cccc2cc3ccc4cccc5ccc(c12)c3c45,0.4564,40,0.5,Avicel
CCCCCCC=CCCCCC=CCCCC(O)(C[N+](C)(C)C)P(=O)(O)O,NS(=O)(=O)c1ccc(CCNC(=O)CSc2ncccc2C(=O)[O-])cc1,0.9012,200,10.0,Avicel
CCCCCCC=CCCCCC=CCCCC(O)(C[N+](C)(C)C)P(=O)(O)O,O=S=c1c(Cc2ccc3c(c2)OCO3)cccn1[O-],0.4564,40,0.5,Avicel
CCCCCCC=CCCCCC=CCCCC(O)(C[N+](C)(C)C)P(=O)(O)O,O=C1NC(=Nc2ccc([O-])c(C(=O)O)c2)SC1=CC=Cc1ccco1,0.9998,200,10.0,Avicel
CCCCCCC=CCCCCC=CCCCC(O)(C[N+](C)(C)C)P(=O)(O)O,CNC(=O)[C@@H]1Cc2ccc(NS(=O)(=O)[O-])cc2CN1C(=O)NCc1ccccc1,1.5035,200,0.5,cellulose
CCCCCCC=CCCCCC=CCCCC(O)(C[N+](C)(C)C)P(=O)(O)O,CCc1nn(-c2ccc(C)cc2)c(CC)c1C(=O)[O-],0.4564,40,0.5,Avicel
CCCCCCC=CCCCCC=CCCCC(O)(C[N+](C)(C)C)P(=O)(O)O,CCC=C(C(=O)[O-])C1CCC(c2ccc(C)cc2)CC1,0.4564,40,0.5,Avicel
CCCCCCC=CCCCCC=CCCCC(O)(C[N+](C)(C)C)P(=O)(O)O,COc1cc2c(cc1OC)[C@H](C)N(C(=O)c1ccccc1C(=O)[O-])CC2,1.0210,200,10.0,Avicel
CCCCCCC=CCCCCC=CCCCC(O)(C[N+](C)(C)C)P(=O)(O)O,CC[C@H](NC(=O)[C@H](CSC)N=C([O-])OCC1c2ccccc2-c2ccccc21)C(C)=O,3.3435,200,2.0,cellulose
CCCCCCC=CCCCCC=CCCCC(O)(C[N+](C)(C)C)P(=O)(O)O,CCC(NC(=O)C(C)CCC[N-]C(N)=NP(C)C)C(N)=O,0.4564,40,0.5,Avicel
CCCCCCC=CCCCCC=CCCCC(O)(C[N+](C)(C)C)P(=O)(O)O,Cc1nccc2c1c(=O)n(C)c1cc(OCC(CC(C)C)NC(=O)[O-])ccc21,1.2569,200,0.5,Avicel
CCCCCCC=CCCCCC=CCCCC(O)(C[N+](C)(C)C)P(=O)(O)O,O=C([O-])c1ccccc1N1C(=O)c2cccc3cccc(c23)C1=O,0.8622,200,10.0,Avicel
CCCCCCC=CCCCCC=CCCCC(O)(C[N+](C)(C)C)P(=O)(O)O,CC(C)[C@@H](C(=O)[O-])N1C(=O)c2cc(Cl)c(Cl)cc2C1=O,0.4564,40,0.5,Avicel
CCCCCCC=CCCCCC=CCCCC(O)(C[N+](C)(C)C)P(=O)(O)O,Cc1nc(CC(=O)NCCOc2ccccc2-c2ccccc2)sc1C(=O)[O-],1.5065,200,0.5,Avicel
CCCCCCC=CCCCCC=CCCCC(O)(C[N+](C)(C)C)P(=O)(O)O,O=C(OCCOC(=O)C([O-])(C(F)(F)F)C(F)(F)F)c1c(F)cc(F)cc1F,0.5785,200,10.0,Avicel
CCCCCCC=CCCCCC=CCCCC(O)(C[N+](C)(C)C)P(=O)(O)O,NC(=O)COc1cc(S(=O)(=O)O)cc2cc(S(=O)(=O)[O-])ccc12,0.4564,40,0.5,Avicel
CCCCCCC=CCCCCC=CCCCC(O)(C[N+](C)(C)C)P(=O)(O)O,CCC(=O)CC(=O)c1c(CC(=O)[O-])cc2c(c1O)C(=O)c1c(O)cccc1C2=O,1.4224,200,0.5,Avicel
CCCCCCC=CCCCCC=CCCCC(O)(C[N+](C)(C)C)P(=O)(O)O,O=C(O)c1c(F)ccc(N(C(C2CC2)S(=O)(=O)CC2CC2)S(=O)[O-])c1F,1.0348,200,10.0,Avicel
CCCCCCC=CCCCCC=CCCCC(O)(C[N+](C)(C)C)P(=O)(O)O,COCCc1ccc(Cl)c(CN(C(=O)C2CN(C(=O)[O-])CCC2=O)C2CC2)c1,1.6255,200,0.5,cellulose
CCCCCCC=CCCCCC=CCCCC(O)(C[N+](C)(C)C)P(=O)(O)O,O=C([O-])[C@@H]1[C@@H](C(=O)Nc2ccc3ccccc3c2)[C@H]2C=C[C@H]1C2,0.8095,200,10.0,Avicel
CCCCCCC=CCCCCC=CCCCC(O)(C[N+](C)(C)C)P(=O)(O)O,[O-]N1CC(=Cc2ccn[nH]2)c2c(OCC3CO3)cccc21,0.4564,40,0.5,Avicel
CCCCCCC=CCCCCC=CCCCC(O)(C[N+](C)(C)C)P(=O)(O)O,Cc1ccc(COc2cccc([B-](F)(F)F)c2)cc1C,0.4564,40,0.5,Avicel
CCCCCCC=CCCCCC=CCCCC(O)(C[N+](C)(C)C)P(=O)(O)O,Cc1ccc(C(=O)Nc2ccccc2C(=O)[O-])cc1NC1=C(Cl)C(=O)N(Cc2ccccc2)C1=O,20.2084,200,10.0,MCC
CCCCCCC=CCCCCC=CCCCC(O)(C[N+](C)(C)C)P(=O)(O)O,CCOc1ccc(C=C2SC(=S)N(CC(=O)N3CSC[C@H]3C(=O)[O-])C2=O)cc1,1.4614,200,0.5,Avicel
CCCCCCC=CCCCCC=CCCCC(O)(C[N+](C)(C)C)P(=O)(O)O,C[C@H]1Cc2ccccc2N1S(=O)(=O)c1ccc(Br)c(C(=O)[O-])c1,0.4564,40,0.5,Avicel
CCCCCCC=CCCCCC=CCCCC(O)(C[N+](C)(C)C)P(=O)(O)O,C[C@@H]1CC[C@@H]([C@@H](CCCc2cc(Br)ccc2C(=O)[O-])c2ccccc2)c2ccccc21,4.1332,200,2.0,cellulose
CCCCCCC=CCCCCC=CCCCC(O)(C[N+](C)(C)C)P(=O)(O)O,CCCSCCCCCCSCCC(C(=O)[O-])C(=O)Oc1c(C(C)c2cc(C(C)(C)C)cc(C(C)(C)C)c2O)cc(C(C)(C)C)cc1C(C)(C)C,5124.8838,200,0.5,Avicel
CCCCCCC=CCCCCC=CCCCC(O)(C[N+](C)(C)C)P(=O)(O)O,Cc1cc(C)c(-[b-]2ccc(C(C)C)cc2[Si](C)(C)C)c(C)c1,0.4564,40,0.5,Avicel
CCCCCCC=CCCCCC=CCCCC(O)(C[N+](C)(C)C)P(=O)(O)O,Cc1cc(C)cc(Oc2ccc(NC(=O)[C@H]3CC=CC[C@H]3C(=O)[O-])cc2)c1,1.1196,200,10.0,Avicel
CCCCCCC=CCCCCC=CCCCC(O)(C[N+](C)(C)C)P(=O)(O)O,CC12CO[B-](c3cccc(NC(=O)OC(C)(C)C)n3)(OC1)OC2,0.4564,40,0.5,Avicel
CCCCCCC=CCCCCC=CCCCC(O)(C[N+](C)(C)C)P(=O)(O)O,Cc1cc(C)nc([N-]S(=O)(=O)c2ccc(NC(=O)COc3ccccc3)cc2)n1,1.5234,200,0.5,Avicel
CCCCCCC=CCCCCC=CCCCC(O)(C[N+](C)(C)C)P(=O)(O)O,Cc1c(C(=O)[O-])sc2nc(Cc3ccccc3)[nH]c(=O)c12,0.4564,40,0.5,Avicel
CCCCCCC=CCCCCC=CCCCC(O)(C[N+](C)(C)C)P(=O)(O)O,CC1C2OC2CCC1C1(C(=O)[O-])CCC2OC2C1C,0.4564,40,0.5,Avicel
CCCCCCC=CCCCCC=CCCCC(O)(C[N+](C)(C)C)P(=O)(O)O,COCCCNc1ncc(-c2cnc3c(c2)C(=C([O-])c2c(F)ccc(N)c2F)C=N3)cn1,7.0201,200,5.0,MCC
CCCCCCC=CCCCCC=CCCCC(O)(C[N+](C)(C)C)P(=O)(O)O,CCCCc1cc(=O)oc2cc(O[C@@H](C)C(=O)NCC3CCC(C(=O)[O-])CC3)ccc12,2.7942,200,0.5,cellulose
CCCCCCC=CCCCCC=CCCCC(O)(C[N+](C)(C)C)P(=O)(O)O,Cc1cc(C)cc(NS(=O)(=O)c2cc(C(=O)[O-])cc(C)c2C)c1,0.4564,40,0.5,Avicel
CCCCCCC=CCCCCC=CCCCC(O)(C[N+](C)(C)C)P(=O)(O)O,CC(C)COC(=O)c1cccc(NC(=O)CCC(=O)[O-])c1,0.4564,40,0.5,Avicel
CCCCCCC=CCCCCC=CCCCC(O)(C[N+](C)(C)C)P(=O)(O)O,Cc1ccc(-c2cc(C(F)(F)F)nn2-c2ccc(S(=O)(=O)NC(=O)CN(C)N([O-])OCOC(=O)C(C)(C)C)cc2)cc1,189.3830,160,5.0,Avicel
CCCCCCC=CCCCCC=CCCCC(O)(C[N+](C)(C)C)P(=O)(O)O,O=S(=O)([O-])c1ccc(OCC23CC4CC(CC(C4)C2)C3)cc1,0.4564,40,0.5,Avicel
CCCCCCC=CCCCCC=CCCCC(O)(C[N+](C)(C)C)P(=O)(O)O,Cc1ccc2cc(C(=O)c3ccc4c(c3)C(C)(C)C(C)C4(C)C)ccc2c1C(=O)[O-],1.9039,200,0.5,cellulose
CCCCCCC=CCCCCC=CCCCC(O)(C[N+](C)(C)C)P(=O)(O)O,COc1ccc(OC)c(NC(=O)[C@@H]2CC[C@@](C)(C(=O)[O-])C2(C)C)c1,0.4564,40,0.5,Avicel
CCCCCCC=CCCCCC=CCCCC(O)(C[N+](C)(C)C)P(=O)(O)O,CCCCCCCCC(CCOC(=O)C=CC(=O)[O-])[Si](C)(C)O[Si](C)(C)C,0.6490,200,10.0,Avicel
CCCCCCC=CCCCCC=CCCCC(O)(C[N+](C)(C)C)P(=O)(O)O,O=C([O-])c1ccccc1C(=O)Nc1ccc2c(c1)OCO2,0.4564,40,0.5,Avicel
CCCCCCC=CCCCCC=CCCCC(O)(C[N+](C)(C)C)P(=O)(O)O,CC(C)(C)OC(=O)c1ccc(N(CCc2cccc(Cl)c2Cl)S(=O)[O-])cc1,0.9852,200,10.0,Avicel
CCCCCCC=CCCCCC=CCCCC(O)(C[N+](C)(C)C)P(=O)(O)O,CCOc1ccc(-c2nc(C)c(C(=O)[O-])s2)cc1OCC,0.4564,40,0.5,Avicel
CCCCCCC=CCCCCC=CCCCC(O)(C[N+](C)(C)C)P(=O)(O)O,[NH-]C[C@@H](C(=O)Nc1ccc(N2CCOCC2=O)cc1F)N(CC(F)(F)F)C1CC1,1.8122,200,0.5,cellulose
CCCCCCC=CCCCCC=CCCCC(O)(C[N+](C)(C)C)P(=O)(O)O,O=C1CC2(CCN(C(=O)c3ccccc3C(=O)[O-])CC2)Oc2ccccc21,1.3190,200,0.5,Avicel
CCCCCCC=CCCCCC=CCCCC(O)(C[N+](C)(C)C)P(=O)(O)O,Cc1ccc(-n2c(O)c(C=Nc3cccc(C(=O)[O-])c3)c(=O)[nH]c2=O)cc1C,1.2889,200,0.5,Avicel
CCCCCCC=CCCCCC=CCCCC(O)(C[N+](C)(C)C)P(=O)(O)O,O=C(Nc1ccc(S(=O)(=O)[N-]c2nccs2)cc1)c1ccc(Br)o1,0.8159,200,10.0,Avicel
CCCCCCC=CCCCCC=CCCCC(O)(C[N+](C)(C)C)P(=O)(O)O,Cc1c(C(=O)[O-])ccc2c1NC(c1ccc(Cl)cc1)C1CC=CC21,0.9190,200,5.0,Avicel
CCCCCCC=CCCCCC=CCCCC(O)(C[N+](C)(C)C)P(=O)(O)O,O=C([O-])COCC(O)C(Sc1ccc2ccccc2c1)c1ccccc1,1.0521,200,10.0,Avicel
CCCCCCC=CCCCCC=CCCCC(O)(C[N+](C)(C)C)P(=O)(O)O,C=CC=CN(C[C@H](CCCCOCC)OCC)S(=O)[O-],0.2881,200,0.5,MCC
CCCCCCC=CCCCCC=CCCCC(O)(C[N+](C)(C)C)P(=O)(O)O,O=C([O-])c1cc(-c2ccco2)nc2ccc3ccccc3c12,0.5356,200,10.0,Avicel
CCCCCCC=CCCCCC=CCCCC(O)(C[N+](C)(C)C)P(=O)(O)O,O=C1C2CC3CC1CC(CCOC(=O)C(F)(F)S(=O)(=O)[O-])(C3)C2,0.4564,40,0.5,Avicel
CCCCCCC=CCCCCC=CCCCC(O)(C[N+](C)(C)C)P(=O)(O)O,COC(=O)C(Cn1c(Br)c(C2CCCCC2)c2ccc(C(=O)[O-])cc21)N(C(=O)OC(C)(C)C)C(=O)OC(C)(C)C,70.7889,200,2.0,MCC
CCCCCCC=CCCCCC=CCCCC(O)(C[N+](C)(C)C)P(=O)(O)O,COc1ccc(N2C(=O)NC(=O)[C@H]2CC(=O)[O-])cc1,0.4564,40,0.5,Avicel
CCCCCCC=CCCCCC=CCCCC(O)(C[N+](C)(C)C)P(=O)(O)O,CCN1C(=O)NC(=Cc2ccc(-c3cc(C(=O)[O-])ccc3Cl)o2)C1=O,0.9454,200,10.0,Avicel
CCCCCCC=CCCCCC=CCCCC(O)(C[N+](C)(C)C)P(=O)(O)O,O=C([O-])c1cccc(NN=Cc2ccc(OC(F)F)cc2OC(F)F)c1,0.8999,200,10.0,Avicel
CCCCCCC=CCCCCC=CCCCC(O)(C[N+](C)(C)C)P(=O)(O)O,O=C([O-])NCCN1CCC(Cc2nc3cccnc3n2Cc2cccs2)CC1,1.9567,200,2.0,MCC
CCCCCCC=CCCCCC=CCCCC(O)(C[N+](C)(C)C)P(=O)(O)O,Cc1ccccc1OCC(=O)NC(CC(=O)[O-])c1ccc(C(C)(C)C)cc1,1.0028,200,10.0,Avicel
CCCCCCC=CCCCCC=CCCCC(O)(C[N+](C)(C)C)P(=O)(O)O,CC(C)CCCC(C)(C)OC(=O)C1CCC(C(=O)[O-])CC1,0.4564,40,0.5,Avicel
CCCCCCC=CCCCCC=CCCCC(O)(C[N+](C)(C)C)P(=O)(O)O,C#CCOCCOCCNC(=O)CCC(CCC(=O)NCCO)(CCC(=O)NCCOCCOCC#C)NC(=O)C1CC(OP(C)([O-])=S)C1,3553.0581,160,0.5,Avicel
CCCCCCC=CCCCCC=CCCCC(O)(C[N+](C)(C)C)P(=O)(O)O,C[C@]12CC[C@H]3[C@@H](CCC4=CC(=O)C=C[C@@]43C)[C@@H]1CC[C@@H]2C=CCCCCCCCCC(=O)[O-],8.2260,200,0.5,cellulose
CCCCCCC=CCCCCC=CCCCC(O)(C[N+](C)(C)C)P(=O)(O)O,COc1ccc(Cl)cc1-c1cccc(C2(c3ccc(CS(=O)(=O)[O-])cc3)N=C(N)N(C)C2=O)c1,9.7802,200,0.5,Avicel
CCCCCCC=CCCCCC=CCCCC(O)(C[N+](C)(C)C)P(=O)(O)O,CCCCC(C)=CC(C(CC)C(C)(C)C)C12C=CC([C-](C)C)C(C)C1C2,0.9377,200,10.0,Avicel
CCCCCCC=CCCCCC=CCCCC(O)(C[N+](C)(C)C)P(=O)(O)O,C[C@H]1C[C@H]1c1ccc(C=C2SC(=S)N(CCCCCC(=O)[O-])C2=O)o1,0.9157,200,10.0,Avicel
CCCCCCC=CCCCCC=CCCCC(O)(C[N+](C)(C)C)P(=O)(O)O,CC(=O)c1ccc(C(CCC(=O)[O-])NC(=O)OC(C)(C)C)cc1,0.4564,40,0.5,Avicel
CCCCCCC=CCCCCC=CCCCC(O)(C[N+](C)(C)C)P(=O)(O)O,CC#CC(CC(=O)[O-])c1ccc(OCc2cccc(C3=CCC(O)CC3)c2)cc1,1.7526,200,0.5,cellulose
CCCCCCC=CCCCCC=CCCCC(O)(C[N+](C)(C)C)P(=O)(O)O,CN1N=C2CCN(C(=O)C(CCc3cc(CO)ccc3F)NC(=O)C(C)(C)NC(=O)[O-])C[C@@]2(Cc2ccccc2)C1=O,368.6295,120,0.5,Avicel
CCCCCCC=CCCCCC=CCCCC(O)(C[N+](C)(C)C)P(=O)(O)O,COc1cc(Br)c(C=Nc2cccc3ccc(OS(=O)(=O)c4ccc(N([O-])O)cc4)cc23)cc1OC,27.8607,200,2.0,cellulose
CCCCCCC=CCCCCC=CCCCC(O)(C[N+](C)(C)C)P(=O)(O)O,Cc1nc(SCc2cccc(C(=O)[O-])c2)nc(N(C)C)c1C,0.4564,40,0.5,Avicel
CCCCCCC=CCCCCC=CCCCC(O)(C[N+](C)(C)C)P(=O)(O)O,C=C(CCOc1ccc(Cl)c2c1Sc1ccccc1C2)C(=O)[O-],0.4564,40,0.5,Avicel
CCCCCCC=CCCCCC=CCCCC(O)(C[N+](C)(C)C)P(=O)(O)O,O=C(c1ccccc1)c1ccccc1N([O-])Nc1ccccc1,0.5975,200,10.0,Avicel
CCCCCCC=CCCCCC=CCCCC(O)(C[N+](C)(C)C)P(=O)(O)O,CN(C)CCCCCCCCCCCCCCCCC[NH-],0.4564,40,0.5,Avicel
CCCCCCC=CCCCCC=CCCCC(O)(C[N+](C)(C)C)P(=O)(O)O,COc1ccc(S(=O)(=O)N2CCC[C@H]2C(=O)[O-])cc1,0.4564,40,0.5,Avicel
CCCCCCC=CCCCCC=CCCCC(O)(C[N+](C)(C)C)P(=O)(O)O,CC(C)CC(C(=O)Nc1ccc(Nc2nc(F)nc(-c3c4ccccc4c4n3CCS4)n2)cc1)N(C(=O)[O-])C(C)(C)C,532.3447,160,0.5,MCC
CCCCCCC=CCCCCC=CCCCC(O)(C[N+](C)(C)C)P(=O)(O)O,CCCOc1ccc2c(c1)C(c1ccc(OC)cc1O)C(C(=O)[O-])C2c1ccc2c(c1)OCO2,23.2357,200,0.5,MCC
CCCCCCC=CCCCCC=CCCCC(O)(C[N+](C)(C)C)P(=O)(O)O,CC(C)CC(NC(=O)c1ccc(N2C[C@@H]3C[C@H]2C[C@H]3OCc2c(-c3c(Cl)cccc3Cl)noc2C2CC2)c(F)c1)S(=O)[O-],1318.9279,160,0.5,MCC
CCCCCCC=CCCCCC=CCCCC(O)(C[N+](C)(C)C)P(=O)(O)O,Cc1ccccc1[C@@H]1[C@@H](O[C@H](C)c2cc(C(F)(F)F)cc(C(F)(F)F)c2)OC[C@@H]2CN(N([O-])CO)C[C@H]21,33.4464,200,0.5,Avicel
CCCCCCC=CCCCCC=CCCCC(O)(C[N+](C)(C)C)P(=O)(O)O,COc1ccc(Oc2cccc(Cl)c2CNC(=O)CC(C)(C)CC(=O)[O-])cc1,1.0906,200,10.0,Avicel
CCCCCCC=CCCCCC=CCCCC(O)(C[N+](C)(C)C)P(=O)(O)O,CCCn1c(SCC(=O)Nc2cc(C(=O)[O-])ccc2C)nc2sc3c(c2c1=O)CCC3,3.9998,200,0.5,cellulose
CCCCCCC=CCCCCC=CCCCC(O)(C[N+](C)(C)C)P(=O)(O)O,[c-]1ccc2ccccc2c1-c1cc(-c2ccccc2)c2ccccc2n1,1.4386,200,0.5,Avicel
CCCCCCC=CCCCCC=CCCCC(O)(C[N+](C)(C)C)P(=O)(O)O,CCC(C(=O)[O-])N1C(=O)C2C3c4ccccc4C(c4ccccc43)C2C1=O,1.4858,200,0.5,Avicel
CCCCCCC=CCCCCC=CCCCC(O)(C[N+](C)(C)C)P(=O)(O)O,CCCCOC(=O)C(C#N)=Cc1ccc(S(=O)(=O)[O-])c(N)c1,0.4564,40,0.5,Avicel
CCCCCCC=CCCCCC=CCCCC(O)(C[N+](C)(C)C)P(=O)(O)O,CC(C)c1ccc2c(c1)CC[C@@H]1[C@@](C)(C(=O)[O-])CCC[C@]21C,0.4564,40,0.5,Avicel
CCCCCCC=CCCCCC=CCCCC(O)(C[N+](C)(C)C)P(=O)(O)O,O=C([O-])CC1(CC(=O)N2CCC(Cc3ccccc3)CC2)CCCC1,0.9947,200,10.0,Avicel
CCCCCCC=CCCCCC=CCCCC(O)(C[N+](C)(C)C)P(=O)(O)O,c1n[nH]cc1-c1c[n-]c2ncc(C3CCC(N4CCCOCC4)CC3)cc12,1.8991,200,0.5,cellulose
CCCCCCC=CCCCCC=CCCCC(O)(C[N+](C)(C)C)P(=O)(O)O,CCCOC(=O)c1nnc(N=Nc2cc3c(cc2NS(=O)[O-])N(CC)C(CC)CC3)s1,3.4379,200,2.0,cellulose
CCCCCCC=CCCCCC=CCCCC(O)(C[N+](C)(C)C)P(=O)(O)O,O=C([O-])CC(=CCC(=O)OC1CCCCC1)C(=O)OC1CCCC1,0.6803,200,10.0,Avicel
CCCCCCC=CCCCCC=CCCCC(O)(C[N+](C)(C)C)P(=O)(O)O,COc1ccc2c(Oc3ccc(N(C4CC4)S(=O)[O-])cc3)ccnc2c1,1.4042,200,0.5,Avicel
CCCCCCC=CCCCCC=CCCCC(O)(C[N+](C)(C)C)P(=O)(O)O,CC(=O)N[C@@H](Cc1ccc(F)cc1)C(=O)N[C@H](CC(C)C)C(=O)[O-],0.4564,40,0.5,Avicel
CCCCCCC=CCCCCC=CCCCC(O)(C[N+](C)(C)C)P(=O)(O)O,CC(C)OC(=O)c1c(NC(=O)CCC(=O)[O-])sc2c1CCCCCCCCCC2,1.4388,200,0.5,Avicel
CCCCCCC=CCCCCC=CCCCC(O)(C[N+](C)(C)C)P(=O)(O)O,O=C([O-])C1CCN(S(=O)(=O)Oc2ccc3ccccc3c2)CC1,0.4564,40,0.5,Avicel
CCCCCCC=CCCCCC=CCCCC(O)(C[N+](C)(C)C)P(=O)(O)O,COc1cc(Br)c(C=C2SC(=S)N(c3cccc(C(=O)[O-])c3)C2=O)cc1OC,1.3909,200,0.5,Avicel
CCCCCCC=CCCCCC=CCCCC(O)(C[N+](C)(C)C)P(=O)(O)O,C=C(C)C(=O)OC(OCCC(F)(F)C(F)(F)S(=O)(=O)[O-])(C(=O)OC1CCCCC1)C(F)(F)F,1.7740,200,0.5,cellulose
CCCCCCC=CCCCCC=CCCCC(O)(C[N+](C)(C)C)P(=O)(O)O,O=C([O-])c1ccc(N=Cc2ccc(OCc3ccc(F)cc3)cc2)cc1,1.0515,200,10.0,Avicel
CCCCCCC=CCCCCC=CCCCC(O)(C[N+](C)(C)C)P(=O)(O)O,O=C([O-])CN1C(=O)SC(=Cc2c(Cl)cccc2Cl)C1=O,0.4564,40,0.5,Avicel
CCCCCCC=CCCCCC=CCCCC(O)(C[N+](C)(C)C)P(=O)(O)O,CS(=O)(=O)C(c1nnc(CNNS(=O)[O-])o1)c1nc2cc(-c3cncnc3)ccc2s1,3.9433,200,0.5,cellulose
CCCCCCC=CCCCCC=CCCCC(O)(C[N+](C)(C)C)P(=O)(O)O,C=C(C)C[C@H]1N(c2cccc(OC)c2)C(=O)[C@H]2[C@H](C(=O)[O-])[C@@H]3C=C[C@]21O3,1.1170,200,10.0,Avicel
CCCCCCC=CCCCCC=CCCCC(O)(C[N+](C)(C)C)P(=O)(O)O,CCCCCCCCCCCCCCCCCC([O-])=NC1CC1,0.5258,200,10.0,Avicel
CCCCCCC=CCCCCC=CCCCC(O)(C[N+](C)(C)C)P(=O)(O)O,CCCCCCCCCCCCCC=CC(O)C(C[O-])NC(=O)OC(C)(C)C,1.0063,200,10.0,Avicel
CCCCCCC=CCCCCC=CCCCC(O)(C[N+](C)(C)C)P(=O)(O)O,COc1ccc(CCNC(=O)C=CC(=O)[O-])cc1OC,0.4564,40,0.5,Avicel
CCCCCCC=CCCCCC=CCCCC(O)(C[N+](C)(C)C)P(=O)(O)O,COc1cc(C(=O)C=Cc2cccc(F)c2)ccc1OCC(=O)[O-],0.4985,200,10.0,Avicel
CCCCCCC=CCCCCC=CCCCC(O)(C[N+](C)(C)C)P(=O)(O)O,CN1CC(c2cccc(Cl)c2)(C2CCCCC2)[N-]C1=N,0.4564,40,0.5,Avicel
CCCCCCC=CCCCCC=CCCCC(O)(C[N+](C)(C)C)P(=O)(O)O,O=C([O-])C=CC(=O)Oc1ccc(Cl)cc1Cc1ccccc1,0.4564,40,0.5,Avicel
CCCCCCC=CCCCCC=CCCCC(O)(C[N+](C)(C)C)P(=O)(O)O,C=CC(C)CCCC(C)CCCC(C)=CCCC(C)C(=O)[O-],0.4564,40,0.5,Avicel
CCCCCCC=CCCCCC=CCCCC(O)(C[N+](C)(C)C)P(=O)(O)O,CO[C@@H]1[C@@H](OC)[C@H](C)O[C@@H](ON=Cc2ccc(-c3ncn(-c4ccc(S(=O)[O-])cc4)n3)cc2)[C@@H]1OC,44.7413,200,10.0,MCC
CCCCCCC=CCCCCC=CCCCC(O)(C[N+](C)(C)C)P(=O)(O)O,O=C([O-])c1ccc(NC2Cc3ccccc3C2)cc1,0.4564,40,0.5,Avicel
CCCCCCC=CCCCCC=CCCCC(O)(C[N+](C)(C)C)P(=O)(O)O,C[C@@H]1O[C@@H](OCCCCCC[C@@H](O)CC(=O)[O-])[C@H](O)C[C@H]1O,0.4564,40,0.5,Avicel
CCCCCCC=CCCCCC=CCCCC(O)(C[N+](C)(C)C)P(=O)(O)O,Cc1ccc(-c2cnn(-c3ccc(C)c(CNC(=O)[O-])c3)n2)c(C)c1,0.9468,200,10.0,Avicel
CCCCCCC=CCCCCC=CCCCC(O)(C[N+](C)(C)C)P(=O)(O)O,COc1cccc(C=Nc2ccc(S(=O)(=O)N=C(C)[O-])cc2)c1O,0.4564,40,0.5,Avicel
CCCCCCC=CCCCCC=CCCCC(O)(C[N+](C)(C)C)P(=O)(O)O,O=S([O-])NCc1cccc(C2CCN(Cc3cn(-c4ccccc4)nn3)CC2)n1,2.6139,200,0.5,MCC
CCCCCCC=CCCCCC=CCCCC(O)(C[N+](C)(C)C)P(=O)(O)O,Cc1ccc(C=CC(=O)Nc2ccc(S(=O)(=O)[N-]c3ncccn3)cc2)cc1,1.4006,200,0.5,Avicel
CCCCCCC=CCCCCC=CCCCC(O)(C[N+](C)(C)C)P(=O)(O)O,CCn1cc(C(=O)[O-])c(=O)c2cnc(N3CCN(C(=S)NC(=O)c4cccs4)CC3)nc21,6.8579,200,0.5,cellulose
CCCCCCC=CCCCCC=CCCCC(O)(C[N+](C)(C)C)P(=O)(O)O,CC(C)(C)[C@H]1CCc2c(sc(NC(=O)c3ccccc3Cl)c2C(=O)[O-])C1,0.9930,200,10.0,Avicel
CCCCCCC=CCCCCC=CCCCC(O)(C[N+](C)(C)C)P(=O)(O)O,O=C(OCC(F)(F)SOO[O-])C1C2CC3CC(C2)CC1C3,0.4564,40,0.5,Avicel
CCCCCCC=CCCCCC=CCCCC(O)(C[N+](C)(C)C)P(=O)(O)O,C=C(F)C(=O)OC(OCCC(F)(F)C(F)(F)S(=O)(=O)[O-])(C(=O)OC)C(F)(F)F,0.5244,200,10.0,Avicel
CCCCCCC=CCCCCC=CCCCC(O)(C[N+](C)(C)C)P(=O)(O)O,COc1cc([NH-])ccc1N1CCC(O[Si](C(C)C)(C(C)C)C(C)C)CC1,0.8732,200,10.0,Avicel
CCCCCCC=CCCCCC=CCCCC(O)(C[N+](C)(C)C)P(=O)(O)O,Cc1cc(C=Nc2ccc(Cl)c(C(=O)[O-])c2)c(C)n1-c1cccc(Cl)c1,1.0142,200,10.0,Avicel
CCCCCCC=CCCCCC=CCCCC(O)(C[N+](C)(C)C)P(=O)(O)O,COC(=O)CN1C(=O)SC(=Cc2ccc(-c3ccc(C(=O)[O-])c(Cl)c3)o2)C1=O,1.4155,200,0.5,Avicel
CCCCCCC=CCCCCC=CCCCC(O)(C[N+](C)(C)C)P(=O)(O)O,Cc1cccc(-c2ccccc2C(=O)N2CCC2C[NH-])c1,0.4564,40,0.5,Avicel
CCCCCCC=CCCCCC=CCCCC(O)(C[N+](C)(C)C)P(=O)(O)O,O=S(=O)([C-]1S(=O)(=O)C(F)(F)C(F)(F)C(F)(F)S1(=O)=O)C(F)(F)C(F)(F)F,0.4564,40,0.5,Avicel
CCCCCCC=CCCCCC=CCCCC(O)(C[N+](C)(C)C)P(=O)(O)O,CCc1cccc2c3c([nH]c12)[C@](CC)(CC(=O)[O-])OCC3,0.4564,40,0.5,Avicel
CCCCCCC=CCCCCC=CCCCC(O)(C[N+](C)(C)C)P(=O)(O)O,C=C(C(=O)[O-])c1cc2c(Nc3ccc4[nH]ccc4c3)ncnc2cc1OCCCCN(C)C,9.9652,200,5.0,cellulose
CCCCCCC=CCCCCC=CCCCC(O)(C[N+](C)(C)C)P(=O)(O)O,COc1cc(NC(=O)[O-])ccc1B1OC(C)(C)C(C)(C)O1,0.4564,40,0.5,Avicel
CCCCCCC=CCCCCC=CCCCC(O)(C[N+](C)(C)C)P(=O)(O)O,COc1ccc(C2=NN(C(=O)CCCC(=O)[O-])[C@@H](c3ccccc3)C2)cc1OC,1.9668,200,0.5,MCC
CCCCCCC=CCCCCC=CCCCC(O)(C[N+](C)(C)C)P(=O)(O)O,CON([O-])c1ccc(OP(=O)(N[C@@H](C)C(=O)OC(C)C)Oc2ccccc2)cc1,1.3823,200,0.5,Avicel
CCCCCCC=CCCCCC=CCCCC(O)(C[N+](C)(C)C)P(=O)(O)O,CC(=NN=C1NC(=O)[C@@H](CC(=O)[O-])S1)c1cccnc1,0.4564,40,0.5,Avicel
CCCCCCC=CCCCCC=CCCCC(O)(C[N+](C)(C)C)P(=O)(O)O,CC(C)(C)OC([O-])=NC1CCCC[C@H]1CN1CCC(F)(F)CC1,0.4564,40,0.5,Avicel
CCCCCCC=CCCCCC=CCCCC(O)(C[N+](C)(C)C)P(=O)(O)O,[BH3-][C]1N2CCCC2=NN1c1c(F)c(F)c(F)c(F)c1F,0.4564,40,0.5,Avicel
CCCCCCC=CCCCCC=CCCCC(O)(C[N+](C)(C)C)P(=O)(O)O,COc1ccccc1N1CCN(C(=O)CCC(=O)[O-])CC1,0.4564,40,0.5,Avicel
CCCCCCC=CCCCCC=CCCCC(O)(C[N+](C)(C)C)P(=O)(O)O,CNc1nc(C(F)(F)F)nc2c1ncn2-c1cccc(N(C)S(=O)[O-])c1,1.0101,200,10.0,Avicel
CCCCCCC=CCCCCC=CCCCC(O)(C[N+](C)(C)C)P(=O)(O)O,O=C(Nc1ccn([C@H]2CC[C@@H](C(O)c3ccccc3C(=O)[O-])O2)c(=O)n1)c1ccccc1,7.1728,200,0.5,cellulose
CCCCCCC=CCCCCC=CCCCC(O)(C[N+](C)(C)C)P(=O)(O)O,O=C([O-])N1CC2CCCC2C1Oc1cccc(C(F)(F)F)c1,0.4564,40,0.5,Avicel
CCCCCCC=CCCCCC=CCCCC(O)(C[N+](C)(C)C)P(=O)(O)O,CS(=O)CCCCC(=NOS(=O)(=O)[O-])SC1OC(CO)C(O)C(O)C1O,0.5913,200,10.0,Avicel
CCCCCCC=CCCCCC=CCCCC(O)(C[N+](C)(C)C)P(=O)(O)O,O=C([O-])c1cc(-c2ccccc2)sc1-n1cccc1,0.4564,40,0.5,Avicel
CCCCCCC=CCCCCC=CCCCC(O)(C[N+](C)(C)C)P(=O)(O)O,O=C([O-])c1c[nH]c2c(=O)[nH]c3ccc(CCc4ccccc4)cc3c12,1.0415,200,10.0,Avicel
CCCCCCC=CCCCCC=CCCCC(O)(C[N+](C)(C)C)P(=O)(O)O,C[C@@H](Oc1ccc(C=C2SC(=Nc3ccc(F)cc3)NC2=O)cc1)C(=O)[O-],1.1910,200,0.5,Avicel
CCCCCCC=CCCCCC=CCCCC(O)(C[N+](C)(C)C)P(=O)(O)O,O=C([O-])N1CCN(CCCc2cccc(Br)c2)CC1,0.4564,40,0.5,Avicel
CCCCCCC=CCCCCC=CCCCC(O)(C[N+](C)(C)C)P(=O)(O)O,CC1C(=O)N(c2ccc(C(=O)[O-])cc2)C(=O)C1CC(C)[Si](C)(C)C,0.4564,40,0.5,Avicel
CCCCCCC=CCCCCC=CCCCC(O)(C[N+](C)(C)C)P(=O)(O)O,COc1ccc(C(=O)Nc2ccccc2)cc1N(c1cc(Br)c(Br)s1)S(=O)[O-],1.4259,200,0.5,Avicel
CCCCCCC=CCCCCC=CCCCC(O)(C[N+](C)(C)C)P(=O)(O)O,CN(C)c1ccc(NC(=O)[C@@H]2CC=CC[C@@H]2C(=O)[O-])cc1,0.4564,40,0.5,Avicel
CCCCCCC=CCCCCC=CCCCC(O)(C[N+](C)(C)C)P(=O)(O)O,CCC(=O)N1CCC2(CC1)OC[C@H](C(=O)[O-])N2C(=O)c1ccccc1C,1.0314,200,10.0,Avicel
CCCCCCC=CCCCCC=CCCCC(O)(C[N+](C)(C)C)P(=O)(O)O,CC(=O)N1[C@@H](c2ccc(C(C)C)cc2)c2[nH]c3ccccc3c2C[C@H]1C(=O)[O-],1.5384,200,0.5,cellulose
CCCCCCC=CCCCCC=CCCCC(O)(C[N+](C)(C)C)P(=O)(O)O,O=C(C(Cc1cc(Cl)c(O)c(Cl)c1)[C@H]1CC(N2CCc3ccccc3NC2=O)CCN1C(=O)[O-])N1CCN(C2CCNCC2)CC1,6526.3999,160,0.5,Avicel
CCCCCCC=CCCCCC=CCCCC(O)(C[N+](C)(C)C)P(=O)(O)O,CC(C)(C)OC(=O)NCC(N=Cc1ccccc1)c1cn([O-])c2ccc(I)cc12,1.5319,200,0.5,cellulose
CCCCCCC=CCCCCC=CCCCC(O)(C[N+](C)(C)C)P(=O)(O)O,Cc1c(CC[C@@H](O)C[C@@H](O)CC(=O)[O-])c(-c2ccc(F)cc2)cn1C(C)C,1.0142,200,10.0,Avicel
CCCCCCC=CCCCCC=CCCCC(O)(C[N+](C)(C)C)P(=O)(O)O,Cc1c(C(=O)[O-])cccc1-c1ccc(C=C2SC(=O)NC2=O)o1,0.4777,200,10.0,Avicel
CCCCCCC=CCCCCC=CCCCC(O)(C[N+](C)(C)C)P(=O)(O)O,O=C(O)c1cc(Cl)ccc1N=Nc1c([O-])ccc2ccccc12,0.4564,40,0.5,Avicel
CCCCCCC=CCCCCC=CCCCC(O)(C[N+](C)(C)C)P(=O)(O)O,COc1ccc(C(OCC2C(C)C2C(=O)[O-])(c2ccccc2)c2ccc(OC)cc2)cc1,8.8137,200,2.0,MCC
CCCCCCC=CCCCCC=CCCCC(O)(C[N+](C)(C)C)P(=O)(O)O,CCCCS(=O)(=O)C[C@@H](NC(=O)c1ccncc1)C(=O)[O-],0.4564,40,0.5,Avicel
CCCCCCC=CCCCCC=CCCCC(O)(C[N+](C)(C)C)P(=O)(O)O,CC(=O)N[C@H]1C([C@H](O)[C@H](O)CO)O[C@](OS(=O)[O-])(C(=O)O)[C@@H](F)C1O,0.4564,40,0.5,Avicel
CCCCCCC=CCCCCC=CCCCC(O)(C[N+](C)(C)C)P(=O)(O)O,CC1CCC(C(=O)N(c2nn(C3=CCC(O)CC3)cc2C(=O)[O-])C(C)C)CC1,1.3970,200,0.5,Avicel
CCCCCCC=CCCCCC=CCCCC(O)(C[N+](C)(C)C)P(=O)(O)O,CSC[C@H](NC(=O)COc1ccc2c3c(c(=O)oc2c1)CCCC3)C(=O)[O-],1.1522,200,0.5,Avicel
CCCCCCC=CCCCCC=CCCCC(O)(C[N+](C)(C)C)P(=O)(O)O,O=C([O-])c1cc(Cl)ccc1NS(=O)(=O)c1ccc(F)c(F)c1,0.4564,40,0.5,Avicel
CCCCCCC=CCCCCC=CCCCC(O)(C[N+](C)(C)C)P(=O)(O)O,O=C([O-])Nc1ccc(Cl)c(N=C2NC(=O)C(=Cc3ccc4ncccc4c3)S2)c1,2.0445,200,0.5,MCC
CCCCCCC=CCCCCC=CCCCC(O)(C[N+](C)(C)C)P(=O)(O)O,Cc1ccc(CCCNS(=O)[O-])cc1Nc1ncccc1-c1ncnc2nc[nH]c12,3.4151,200,2.0,cellulose
CCCCCCC=CCCCCC=CCCCC(O)(C[N+](C)(C)C)P(=O)(O)O,NC(N)=NC(=O)N[C@H]1C[C@H](OP(=O)([O-])OC[C@H]2O[C@@H](n3cnc4c(=O)[nH]c(N)nc43)C[C@@H]2O)[C@@H](CO)O1,38.3007,200,0.5,MCC
CCCCCCC=CCCCCC=CCCCC(O)(C[N+](C)(C)C)P(=O)(O)O,CCCCCCCCCCCCCCCCSC(=S)[S-],0.4564,40,0.5,Avicel
CCCCCCC=CCCCCC=CCCCC(O)(C[N+](C)(C)C)P(=O)(O)O,O=C(O)[C@@H](Cc1cc(C(F)(F)F)cc(C(F)(F)F)c1)OC(=O)N1CCC(C2CCc3ccccc3NN2[O-])CC1,115.2585,200,5.0,cellulose
CCCCCCC=CCCCCC=CCCCC(O)(C[N+](C)(C)C)P(=O)(O)O,C[C@H](Pc1cc(C(F)(F)F)cc(C(F)(F)F)c1)C1=CC=CC1=C1C=CC=C[C-]1P(c1ccccc1)c1ccccc1,424.9788,40,0.5,Avicel
CCCCCCC=CCCCCC=CCCCC(O)(C[N+](C)(C)C)P(=O)(O)O,O=C(C1=NO[C@H]2C(=O)N(c3ccccc3N([O-])O)C(=O)[C@H]12)c1ccc2ccccc2c1,5.8761,200,5.0,cellulose
CCCCCCC=CCCCCC=CCCCC(O)(C[N+](C)(C)C)P(=O)(O)O,Nc1ccc2ncnc([N-]c3ccc(OCc4cccnc4)c(Cl)c3)c2c1,1.4159,200,0.5,Avicel
CCCCCCC=CCCCCC=CCCCC(O)(C[N+](C)(C)C)P(=O)(O)O,CCCc1cccnc1-c1ccc2c(c1)N(C(CC)S(=O)(=O)[O-])c1ccccc1S2,2.4733,200,0.5,cellulose
CCCCCCC=CCCCCC=CCCCC(O)(C[N+](C)(C)C)P(=O)(O)O,Cc1ccc(Cl)cc1NC(=O)[C@H]1[C@@H](C(=O)[O-])[C@H]2C=C[C@@H]1C2,0.4564,40,0.5,Avicel
CCCCCCC=CCCCCC=CCCCC(O)(C[N+](C)(C)C)P(=O)(O)O,O=C([O-])CSc1nccn1CCSC(c1ccccc1)(c1ccccc1)c1ccccc1,9.4399,200,0.5,cellulose
CCCCCCC=CCCCCC=CCCCC(O)(C[N+](C)(C)C)P(=O)(O)O,CC1(C)C[C@@H]([C@H](CC(=O)[O-])Cc2ccccc2)CCO1,0.4564,40,0.5,Avicel
CCCCCCC=CCCCCC=CCCCC(O)(C[N+](C)(C)C)P(=O)(O)O,CCCc1c(OCc2ccc(C(O)c3cccc(C(=O)[O-])c3)cc2)ccc(C(C)=O)c1O,4.0655,200,0.5,cellulose
CCCCCCC=CCCCCC=CCCCC(O)(C[N+](C)(C)C)P(=O)(O)O,O=C([O-])c1cc2nsnc2cc1OCCN1CCOCC1,0.4564,40,0.5,Avicel
CCCCCCC=CCCCCC=CCCCC(O)(C[N+](C)(C)C)P(=O)(O)O,C=CCn1c(NCc2ccccc2[N-]S(=O)(=O)c2ccc(C)cc2)nc2ccccc21,4.2748,200,2.0,cellulose
CCCCCCC=CCCCCC=CCCCC(O)(C[N+](C)(C)C)P(=O)(O)O,COc1ccc(C2NC(=O)N([C@@H](Cc3ccccc3)C(=O)Nc3nc(C(=O)[O-])cs3)C2=O)cc1C,23.4822,200,0.5,Avicel
CCCCCCC=CCCCCC=CCCCC(O)(C[N+](C)(C)C)P(=O)(O)O,O=C([O-])C1=C(c2cc(F)c(F)cc2F)CCC2(C1)OCCO2,0.4564,40,0.5,Avicel
CCCCCCC=CCCCCC=CCCCC(O)(C[N+](C)(C)C)P(=O)(O)O,CC(=O)N[C@@H](CC(C)C)C(=O)N[C@@H](Cc1ccccc1)P(=O)([O-])C[C@@H](Cc1ccccc1)C(=O)O,8.0603,200,0.5,MCC
CCCCCCC=CCCCCC=CCCCC(O)(C[N+](C)(C)C)P(=O)(O)O,Cc1ccc(O[B-]2(Oc3ccc(C)cc3C)Oc3c(C)cc(C)cc3-c3cc(C)cc(C)c3O2)c(C)c1,41.3540,200,5.0,Avicel
CCCCCCC=CCCCCC=CCCCC(O)(C[N+](C)(C)C)P(=O)(O)O,COc1ccc(C=Cc2cc(O)cc(O[C@@H]3O[C@H](COC(=O)CC(=O)[O-])[C@@H](O)[C@H](O)[C@H]3O)c2)cc1O,17.0146,200,0.5,cellulose
CCCCCCC=CCCCCC=CCCCC(O)(C[N+](C)(C)C)P(=O)(O)O,CC(C)(C)N(C(=O)[O-])C1(c2ccc(-c3nc4c(cc3-c3ccccc3)NC(=O)CCN4)cc2)CCC1,26.8351,200,5.0,cellulose
CCCCCCC=CCCCCC=CCCCC(O)(C[N+](C)(C)C)P(=O)(O)O,O=C([O-])c1cc(C=Cc2c(F)c(F)c(F)c(F)c2F)nc2ccccc12,1.0024,200,10.0,Avicel
CCCCCCC=CCCCCC=CCCCC(O)(C[N+](C)(C)C)P(=O)(O)O,Cc1cccc(C)c1NC(=O)C(C#N)=Cc1ccc(-c2ccc(C(=O)[O-])cc2)o1,1.7860,200,0.5,cellulose
CCCCCCC=CCCCCC=CCCCC(O)(C[N+](C)(C)C)P(=O)(O)O,CCCCN(CCCC)c1ccc(C=CC2O[B-](OC(C)=O)(OC(C)=O)Oc3c2ccc2ccccc32)cc1,120.6055,200,2.0,MCC
CCCCCCC=CCCCCC=CCCCC(O)(C[N+](C)(C)C)P(=O)(O)O,CC(=O)Nc1c(I)cc(I)cc1C(=O)OC(C(C)C)C(F)(F)C(=O)[O-],0.4564,40,0.5,Avicel
CCCCCCC=CCCCCC=CCCCC(O)(C[N+](C)(C)C)P(=O)(O)O,O=C(C1CC2CC1C1C3CCC(C3)C21)C(F)(F)S(=O)[O-],0.4564,40,0.5,Avicel
CCCCCCC=CCCCCC=CCCCC(O)(C[N+](C)(C)C)P(=O)(O)O,O=C(OCCC1(CCO)CCCCC1)C(F)(F)SOO[O-],0.4564,40,0.5,Avicel
CCCCCCC=CCCCCC=CCCCC(O)(C[N+](C)(C)C)P(=O)(O)O,CC1(C)S[C@@H]2[C@H](N=C([O-])C(c3ccccc3)S(=O)(=O)O)C(=O)N2[C@H]1C(=O)O,0.9937,200,10.0,Avicel
CCCCCCC=CCCCCC=CCCCC(O)(C[N+](C)(C)C)P(=O)(O)O,COC12CC(C(=O)Nc3ccc(N(O)O)cn3)=C([O-])[C@@H]3Oc4c(O)ccc5c4[C@@]31CCN(CC1CC1)[C@@H]2C5,221.7107,200,10.0,Avicel
CCCCCCC=CCCCCC=CCCCC(O)(C[N+](C)(C)C)P(=O)(O)O,[NH-]C1(Cc2ccccc2)CCC(Oc2ccc3c(c2)CCC(c2ccccc2)O3)CC1,6.0267,200,0.5,cellulose
CCCCCCC=CCCCCC=CCCCC(O)(C[N+](C)(C)C)P(=O)(O)O,O=C(OC1C2CC3CC(C2)C(OCC2CO2)C1C3)C(F)(F)S(=O)(=O)[O-],1.0051,200,10.0,Avicel
CCCCCCC=CCCCCC=CCCCC(O)(C[N+](C)(C)C)P(=O)(O)O,O=C(Cc1ccccc1)NC1=CC(C(=O)[O-])N2C(=O)C[C@H]2S1,0.4564,40,0.5,Avicel
CCCCCCC=CCCCCC=CCCCC(O)(C[N+](C)(C)C)P(=O)(O)O,Cn1c(C(F)(F)F)cc(=O)c2ccc(CNNS(=O)[O-])cc21,0.4564,40,0.5,Avicel
CCCCCCC=CCCCCC=CCCCC(O)(C[N+](C)(C)C)P(=O)(O)O,COc1ccc(-c2oc3c(C)cc(C)cc3c(=O)c2OCC(=O)[O-])cc1,1.0040,200,10.0,Avicel
CCCCCCC=CCCCCC=CCCCC(O)(C[N+](C)(C)C)P(=O)(O)O,C=C(C)C(C(=O)[O-])N1C(=O)C(NC(=O)Cc2ccccc2)C1S(=O)Cl,0.5016,200,10.0,Avicel
CCCCCCC=CCCCCC=CCCCC(O)(C[N+](C)(C)C)P(=O)(O)O,Cc1ccc(-c2nn(CCC#N)cc2C=CC(=O)[O-])cc1,0.4564,40,0.5,Avicel
CCCCCCC=CCCCCC=CCCCC(O)(C[N+](C)(C)C)P(=O)(O)O,O=C(Cc1ccccc1)N[C@@H]1C(O)C=C(C(=O)[O-])OC1[C@H](O)[C@H](O)CO,0.9237,200,10.0,Avicel
CCCCCCC=CCCCCC=CCCCC(O)(C[N+](C)(C)C)P(=O)(O)O,Cc1cc(Cl)ccc1O[C@H](C)C(=O)NNC(=O)[C@H]1[C@@H]2CC[C@@H](C2)[C@@H]1C(=O)[O-],1.1936,200,0.5,Avicel
CCCCCCC=CCCCCC=CCCCC(O)(C[N+](C)(C)C)P(=O)(O)O,COc1ccc2c(c1)cc([PH-])c(=O)n2CCOC(C)(C)CCO,0.4564,40,0.5,Avicel
CCCCCCC=CCCCCC=CCCCC(O)(C[N+](C)(C)C)P(=O)(O)O,COc1ccc(CN([O-])Cc2ccc(OC)cc2)cc1,0.4564,40,0.5,Avicel
CCCCCCC=CCCCCC=CCCCC(O)(C[N+](C)(C)C)P(=O)(O)O,CCCCCC(CC)OC(=O)c1c(Cl)c(Cl)c(Cl)c(Cl)c1C(=O)[O-],0.4564,40,0.5,Avicel
CCCCCCC=CCCCCC=CCCCC(O)(C[N+](C)(C)C)P(=O)(O)O,COc1ccc(C(=O)Nc2ccc(S(=O)(=O)[N-]c3ncccn3)cc2)cc1OC,1.6644,200,0.5,cellulose
CCCCCCC=CCCCCC=CCCCC(O)(C[N+](C)(C)C)P(=O)(O)O,Cc1c(CN([C@@H]2CC(F)(F)CCNC2=O)S(=O)(=O)c2ccc(Cl)cc2)ccc(C(=O)[O-])c1F,3.7983,200,2.0,cellulose
CCCCCCC=CCCCCC=CCCCC(O)(C[N+](C)(C)C)P(=O)(O)O,CCC12COCCN1c1nc(-c3snnc3-c3ccccc3)ncc1N=C2[O-],2.3268,200,0.5,MCC
CCCCCCC=CCCCCC=CCCCC(O)(C[N+](C)(C)C)P(=O)(O)O,Cc1cccc(NC(=O)N2CCN(c3nc(C(=O)[O-])nc4sc(-c5ccc(F)cc5)cc34)CC2)c1,31.8691,200,5.0,MCC
CCCCCCC=CCCCCC=CCCCC(O)(C[N+](C)(C)C)P(=O)(O)O,NC(=O)c1cc(CN(C(=O)[O-])C2CC3(CCN(c4ccc(-c5ccc(F)cc5)cn4)CC3)C2)on1,25.2738,200,2.0,MCC
CCCCCCC=CCCCCC=CCCCC(O)(C[N+](C)(C)C)P(=O)(O)O,O=C([O-])c1ccc(C=c2sc3n(c2=O)[C@H](c2cccs2)C2=C(N=3)c3ccccc3CC2)cc1,21.9077,200,0.5,Avicel
CCCCCCC=CCCCCC=CCCCC(O)(C[N+](C)(C)C)P(=O)(O)O,N#CC1CCOCCC1n1nc(Nc2ccc(S(=O)[O-])cc2)c2c(=O)[nH]ccc21,2.0686,200,0.5,cellulose
CCCCCCC=CCCCCC=CCCCC(O)(C[N+](C)(C)C)P(=O)(O)O,CCOc1ccc2ccccc2c1CNC(=O)Cc1nc(C)c(C(=O)[O-])s1,1.2279,200,0.5,Avicel
CCCCCCC=CCCCCC=CCCCC(O)(C[N+](C)(C)C)P(=O)(O)O,O=C(NCC(=O)N1C(c2ccccc2)CCC1c1ccccc1O)Nc1cccc(C(=O)[O-])c1,17.1975,200,0.5,cellulose
CCCCCCC=CCCCCC=CCCCC(O)(C[N+](C)(C)C)P(=O)(O)O,CN(C)S(=O)(=O)N1CCC(C(=O)[O-])(c2ccccc2)CC1,0.4564,40,0.5,Avicel
CCCCCCC=CCCCCC=CCCCC(O)(C[N+](C)(C)C)P(=O)(O)O,O=C([O-])COc1ccc(-c2nc3ccccc3s2)cc1,0.4564,40,0.5,Avicel
CCCCCCC=CCCCCC=CCCCC(O)(C[N+](C)(C)C)P(=O)(O)O,CCOc1cccc(-c2nn(-c3ccccc3)cc2C=C2SC(=S)N(CCC(=O)[O-])C2=O)c1,10.7767,200,0.5,cellulose
CCCCCCC=CCCCCC=CCCCC(O)(C[N+](C)(C)C)P(=O)(O)O,O=C([O-])CCCCNC(=O)CCCCCNC(=O)c1ccccc1,0.4564,40,0.5,Avicel
CCCCCCC=CCCCCC=CCCCC(O)(C[N+](C)(C)C)P(=O)(O)O,CCC1(C(=O)[O-])C(=O)CC2CN(C(=O)OC(C)(C)C)CC1N2C(=O)OC(C)(C)C,1.0253,200,10.0,Avicel
CCCCCCC=CCCCCC=CCCCC(O)(C[N+](C)(C)C)P(=O)(O)O,C[C@@]1(c2ccccc2)C[C@H]1C(=O)NNC(=O)c1ccccc1C(=O)[O-],1.0119,200,10.0,Avicel
CCCCCCC=CCCCCC=CCCCC(O)(C[N+](C)(C)C)P(=O)(O)O,Cn1nnnc1C(C=C[C@@H](O)CC(=O)CC(=O)[O-])=C(c1ccc(F)cc1)c1ccc(F)cc1,6.3747,200,0.5,cellulose
CCCCCCC=CCCCCC=CCCCC(O)(C[N+](C)(C)C)P(=O)(O)O,CC1(C)OB(c2ccc(CCN(c3cc4oc(Cc5ccc(F)cc5)c(C(N)=O)c4cc3C3CC3)S(=O)[O-])c(F)c2)OC1(C)C,2837.8047,160,0.5,Avicel
CCCCCCC=CCCCCC=CCCCC(O)(C[N+](C)(C)C)P(=O)(O)O,CCc1ccc(S(=O)(=O)[N-]S(=O)(=O)c2ccc(CC)cc2)cc1,0.4564,40,0.5,Avicel
CCCCCCC=CCCCCC=CCCCC(O)(C[N+](C)(C)C)P(=O)(O)O,Cc1nn(C2CCN(C(=O)OC(C)(C)C)C2)c2cc(F)c(C(=O)[O-])cc12,0.9717,200,10.0,Avicel
CCCCCCC=CCCCCC=CCCCC(O)(C[N+](C)(C)C)P(=O)(O)O,C=Cc1ccc(CC2=C([O-])N(c3ccccc3)[C](C)N(c3ccccc3)C2=O)cc1,3.0124,200,2.0,cellulose
CCCCCCC=CCCCCC=CCCCC(O)(C[N+](C)(C)C)P(=O)(O)O,CC(C)(C)OC(=O)C(CCC(=O)O)N=C([O-])OCc1ccccc1,0.4564,40,0.5,Avicel
CCCCCCC=CCCCCC=CCCCC(O)(C[N+](C)(C)C)P(=O)(O)O,O=S(=O)(Nc1nc2ccccc2nc1[N-]C1CCCCC1)c1cccc(Cl)c1,1.5444,200,0.5,cellulose
CCCCCCC=CCCCCC=CCCCC(O)(C[N+](C)(C)C)P(=O)(O)O,CCCCCCCCCCCCCCCCCCNc1ccn(C2OC(C(C)(OP(=O)([O-])O)C3OC(n4cc(C)c(=O)[nH]c4=O)CC3F)C(O)C2O)c(=O)n1,168365.3750,40,0.5,Avicel
CCCCCCC=CCCCCC=CCCCC(O)(C[N+](C)(C)C)P(=O)(O)O,O=C(COCc1ccccc1)OCCc1ccc(C2CCN(C(=O)[O-])CC2OCc2ccc3ccccc3c2)cc1,630.4342,200,0.5,Avicel
CCCCCCC=CCCCCC=CCCCC(O)(C[N+](C)(C)C)P(=O)(O)O,[NH-]C(Cc1cccs1)C(=O)N1CCC2C1C(=O)CN2S(=O)(=O)c1ccccn1,1.6960,200,0.5,cellulose
CCCCCCC=CCCCCC=CCCCC(O)(C[N+](C)(C)C)P(=O)(O)O,CCCCCCCCCCCCC(CC)C(OC(C)=O)C(=O)[O-],0.4564,40,0.5,Avicel
CCCCCCC=CCCCCC=CCCCC(O)(C[N+](C)(C)C)P(=O)(O)O,Cc1cccc2c1NC(=O)C2=Nc1ccccc1C(=O)[O-],0.4564,40,0.5,Avicel
CCCCCCC=CCCCCC=CCCCC(O)(C[N+](C)(C)C)P(=O)(O)O,CC[C@H](C)[C@H](NC(=O)OCc1ccccc1)C(=O)NCC(=O)NCC(=O)[O-],1.0028,200,10.0,Avicel
CCCCCCC=CCCCCC=CCCCC(O)(C[N+](C)(C)C)P(=O)(O)O,CC(c1ccc(F)cc1)N1CCN(C(=O)c2ccc(NS(=O)[O-])cc2)[C@H](C)C1,1.3619,200,0.5,Avicel
CCCCCCC=CCCCCC=CCCCC(O)(C[N+](C)(C)C)P(=O)(O)O,Cc1cc(SCC2=C(C(=O)[O-])N3C(=O)C(NC(=O)C(=NOC(C)(C)C(=O)NN)c4csc(N)n4)[C@H]3SC2)n2nc(CO)nc2n1,1999.4535,160,0.5,Avicel
CCCCCCC=CCCCCC=CCCCC(O)(C[N+](C)(C)C)P(=O)(O)O,O=C([O-])C=CC(=O)Nc1ccc(Cl)c(NC(=O)c2cccs2)c1,0.4564,40,0.5,Avicel
CCCCCCC=CCCCCC=CCCCC(O)(C[N+](C)(C)C)P(=O)(O)O,Cc1ccccc1-c1cccc(OC(=O)[O-])c1-c1ccccc1,0.4872,200,10.0,Avicel
CCCCCCC=CCCCCC=CCCCC(O)(C[N+](C)(C)C)P(=O)(O)O,COc1ccc(-c2nn(-c3ccccc3)cc2C=Nc2ccc(C(=O)[O-])cc2)cc1OC,8.1451,200,0.5,cellulose
CCCCCCC=CCCCCC=CCCCC(O)(C[N+](C)(C)C)P(=O)(O)O,O=C([O-])c1ccc(N2CCN(C(=O)Nc3cc(Cl)cc(Cl)c3)CC2)nc1C(F)(F)F,1.6408,200,0.5,cellulose
CCCCCCC=CCCCCC=CCCCC(O)(C[N+](C)(C)C)P(=O)(O)O,CC1(C)C(=O)Nc2ccc(OCC(CCc3cccc4ccccc34)S(=O)[O-])cc21,2.5707,200,0.5,MCC
